N,bytes,sets,median_ms,gbps
1,12288,64,0.01536,0.8
2,24576,64,0.014192,1.7
4,49152,64,0.014336,3.4
8,98304,64,0.014336,6.9
16,196608,64,0.014336,13.7
32,393216,64,0.014336,27.4
64,786432,64,0.014336,54.9
128,1572864,64,0.015296,102.8
256,3145728,64,0.01536,204.8
512,6291456,64,0.01536,409.6
1024,12582912,33,0.02048,614.4
2048,25165824,17,0.036864,682.7
4096,50331648,9,0.073728,682.7
8192,100663296,5,0.150528,668.7
16384,201326592,3,0.303104,664.2
32768,402653184,2,0.62208,647.3
65536,805306368,1,1.225728,657.0
131072,1610612736,1,2.417152,666.3
262144,3221225472,1,4.834816,666.3
524288,6442450944,1,9.789952,658.1
1048576,12884901888,1,19.295232,667.8
2097152,25769803776,1,38.174721,675.0
